{"step": [50, 100, 150, 200, 250, 300, 350, 400, 450, 500, 550, 600, 650, 700, 750, 800, 850, 900, 950, 1000, 1050, 1100, 1150, 1200, 1250, 1300, 1350, 1400, 1450, 1500, 1550, 1600, 1650, 1700, 1750, 1800, 1850, 1900, 1950, 2000, 2050, 2100, 2150, 2200, 2250, 2300, 2350, 2400, 2450, 2500, 2550, 2600, 2650, 2700, 2750, 2800, 2850, 2900, 2950, 3000, 3050, 3100, 3150, 3200, 3250, 3300, 3350, 3400, 3450, 3500, 3550, 3600, 3650, 3700, 3750, 3800, 3850, 3900, 3950, 4000, 4050, 4100, 4150, 4200, 4250, 4300, 4350, 4400, 4450, 4500, 4550, 4600, 4650, 4700, 4750, 4800, 4850, 4900, 4950, 5000, 5050, 5100, 5150, 5200, 5250, 5300, 5350, 5400, 5450, 5500, 5550, 5600, 5650, 5700, 5750, 5800, 5850, 5900, 5950, 6000, 6050, 6100, 6150, 6200, 6250, 6300, 6350, 6400, 6450, 6500], "train_loss": [978.6224365234375, 659.7769775390625, 504.4272155761719, 703.8800048828125, 972.1485595703125, 586.5086669921875, 311.1881408691406, 538.34375, 566.2528076171875, 399.4949951171875, 345.693603515625, 391.61431884765625, 433.684814453125, 408.9607849121094, 564.8314208984375, 336.8179931640625, 433.89068603515625, 347.7663879394531, 403.3213806152344, 410.3324279785156, 417.9891662597656, 489.79547119140625, 369.0718994140625, 308.26129150390625, 350.7712707519531, 464.6410217285156, 381.9947509765625, 243.72109985351562, 436.25830078125, 236.7250518798828, 351.67437744140625, 373.37579345703125, 294.55572509765625, 403.7725830078125, 203.32264709472656, 289.2261962890625, 293.39495849609375, 417.3458557128906, 244.40338134765625, 328.7271728515625, 178.64178466796875, 370.50408935546875, 184.9352264404297, 266.0807189941406, 281.69097900390625, 265.2788391113281, 200.03770446777344, 145.62266540527344, 268.9522705078125, 169.10667419433594, 175.47299194335938, 178.69630432128906, 228.2584228515625, 148.33197021484375, 222.62696838378906, 166.79859924316406, 150.31858825683594, 244.52767944335938, 188.73101806640625, 151.39791870117188, 83.84912109375, 100.51664733886719, 117.67498779296875, 103.39494323730469, 155.9658203125, 233.708984375, 116.0389175415039, 187.94790649414062, 144.5626678466797, 118.93891906738281, 164.6027069091797, 166.76519775390625, 43.44349670410156, 126.441650390625, 113.97915649414062, 106.88844299316406, 188.45407104492188, 181.9717559814453, 92.2977294921875, 77.00706481933594, 62.995635986328125, 110.85548400878906, 113.40702819824219, 93.52828979492188, 54.76708984375, 49.3585205078125, 47.428375244140625, 94.36338806152344, 209.95130920410156, 67.82621765136719, 68.48771667480469, 69.79057312011719, 38.462738037109375, 43.65252685546875, 71.85841369628906, 34.137054443359375, 91.04562377929688, 84.48759460449219, 30.738616943359375, 31.29278564453125, 38.247650146484375, 29.601821899414062, 69.15203857421875, 36.47413635253906, 69.08126831054688, 46.664886474609375, 47.84049987792969, 49.37330627441406, 13.148529052734375, 23.618682861328125, 25.887161254882812, 58.31468200683594, 19.902145385742188, 68.70710754394531, 28.509979248046875, 42.365234375, 39.79193115234375, 69.80760192871094, 13.4388427734375, 5.0300445556640625, 12.671188354492188, 13.65228271484375, 25.925445556640625, 9.485824584960938, 50.343017578125, 22.303787231445312, 23.047500610351562, 7.99871826171875, 19.578125, 25.404800415039062], "eval_loss": [886.4639960394966, 705.4029659695095, 628.9408539666069, 582.6398934258355, 643.0456657409668, 517.421565161811, 496.12416542900934, 476.7362242804633, 481.50183529324, 602.167285071479, 454.78148036532934, 430.72699568006726, 421.899728986952, 465.17776065402563, 424.2946616278754, 466.4398905436198, 443.53547965155707, 452.6518800523546, 495.94642215304907, 431.2861332363552, 388.449497434828, 381.8495587242974, 393.1206537882487, 375.88530943128796, 374.7223849826389, 360.1777244144016, 371.76525497436523, 365.3926893870036, 347.43062570359973, 343.38141526116266, 346.1698525746663, 333.6450386047363, 332.853434032864, 341.46944978502063, 321.6340206993951, 327.3128890991211, 305.6027374267578, 313.80541186862524, 310.0132613711887, 298.7080160776774, 291.2718262142605, 281.9767869313558, 272.4005495707194, 284.18903711107043, 290.3080185784234, 266.172817018297, 259.2400992711385, 254.46677494049072, 259.6261037190755, 255.72875266604953, 253.21049732632108, 246.46756002638074, 237.4262064827813, 233.34157752990723, 231.26670922173395, 237.1299319797092, 230.43869357638889, 232.24944517347546, 219.94880697462293, 222.48807080586752, 224.07380443149142, 212.11885685390897, 211.54491890801324, 204.56983746422662, 220.87739266289606, 216.21678013271756, 216.18255869547525, 219.9997624291314, 213.03813404507108, 198.81120618184408, 200.00191752115884, 206.86277304755316, 206.31997638278537, 198.4349004957411, 198.0866675906711, 197.84303898281522, 195.55639584859213, 201.75031259324817, 200.44360192616782, 188.38943831125894, 208.21468596988254, 194.59465715620252, 191.29913881089954, 198.1612140867445, 189.9740464952257, 185.49609279632568, 185.1642106374105, 185.95053821139865, 193.79532623291016, 189.92823134528265, 193.79245037502713, 199.13981840345593, 188.29601309034558, 189.7437767452664, 188.04788547092014, 191.1637258529663, 194.649933497111, 196.16833792792426, 199.87151781717935, 199.20616383022733, 200.26267507341174, 193.84265285068088, 189.05152967241077, 187.95105828179254, 194.68457211388483, 199.5266545613607, 196.41134643554688, 196.32540236579047, 201.67551464504666, 211.9516086578369, 196.24874962700738, 199.60147137112088, 201.3600894080268, 204.68820179833307, 201.96171718173557, 208.52189848158093, 200.64634238349066, 198.4808022181193, 199.99865436553955, 207.68682267930774, 212.77941958109537, 216.82465171813965, 207.1027914683024, 206.05135832892523, 208.92949422200522, 208.98657057020398, 204.5387749142117, 209.028625064426, 210.81605084737143, 210.59510231018066],