{"step": [50, 100, 150, 200, 250, 300, 350, 400, 450, 500, 550, 600, 650, 700, 750, 800, 850, 900, 950, 1000, 1050, 1100, 1150, 1200, 1250, 1300, 1350, 1400, 1450, 1500, 1550, 1600, 1650, 1700, 1750, 1800, 1850, 1900, 1950, 2000, 2050, 2100, 2150, 2200, 2250, 2300, 2350, 2400, 2450, 2500, 2550, 2600, 2650, 2700, 2750, 2800, 2850, 2900, 2950, 3000, 3050, 3100, 3150, 3200, 3250, 3300, 3350, 3400, 3450, 3500, 3550, 3600, 3650, 3700, 3750, 3800, 3850, 3900, 3950, 4000, 4050, 4100, 4150, 4200, 4250, 4300, 4350, 4400, 4450, 4500, 4550, 4600, 4650, 4700, 4750, 4800, 4850, 4900, 4950, 5000, 5050, 5100, 5150, 5200, 5250, 5300, 5350, 5400, 5450, 5500, 5550, 5600, 5650, 5700, 5750, 5800, 5850, 5900, 5950, 6000, 6050, 6100, 6150, 6200, 6250, 6300, 6350, 6400, 6450, 6500], "train_loss": [1741.6323413085938, 1268.021284790039, 1065.2355820719401, 969.0357762145997, 900.8091644287109, 843.8580233764649, 797.8936819893974, 764.4439152526855, 734.8442910427517, 707.0760690307617, 687.5339463112571, 669.2917619832357, 653.6223645489032, 33.11898511614118, 60.17637548828125, 81.09489810943603, 100.49992153392118, 117.19481048583984, 132.7929170628598, 144.64922187805175, 155.6845708356585, 166.49172170465644, 175.2798030687415, 183.4887870534261, 191.7803864135742, 197.91302724984976, 12.589295405635127, 24.430179312569756, 34.23105029928273, 43.76141188049316, 52.53236509753812, 61.03546401500702, 68.50012609770803, 75.30955082164091, 81.84788980102539, 87.63063639746773, 93.10445823463233, 97.87415801600406, 102.73642778836764, 6.415861373901367, 12.334754594012004, 17.580912653605143, 22.506376800537108, 27.476757039156826, 32.02537838745117, 36.41458518650221, 40.094950152458026, 43.61000451087952, 47.12471686226981, 50.71495863342285, 54.09664942124311, 57.177965663029596, 3.4147855477962854, 6.53064299971969, 9.676372597434304, 12.795752737862724, 15.70835384168123, 18.235608462629646, 20.529381840592723, 22.92807504526774, 25.254238749019436, 27.314405492967175, 29.42479242234003, 31.241565222740174, 33.1084824993427, 2.156218927556818, 3.977730576244753, 5.632458478142233, 7.250797711800838, 8.92303190612793, 10.449218784386003, 11.94155578189426, 13.350502741565442, 14.842228597692541, 16.291030932617186, 17.430815760963842, 18.666828952145266, 19.939019802778194, 1.2192689572104924, 2.184242197036743, 3.194556108639564, 4.1419566698772154, 5.074298336534615, 6.0409045500982375, 6.914947321274702, 7.875183227893918, 8.743852696912041, 9.475720523487437, 10.322271781664217, 11.137818218655056, 11.87236592890142, 0.8186489105224609, 1.4366852036342825, 1.9420502260898023, 2.5172354254471627, 3.038687918980916, 3.589699618939272, 4.071501947519731, 4.551108028527462, 5.020589273071289, 5.589260336998666, 6.035915955188227, 6.505537781946868, 6.9945773872962365, 0.6102915794735863, 0.9427459975908388, 1.2922898365626825, 1.6168383139151115, 1.946531555455759, 2.275977576515891, 2.5705334623869476, 2.837163847514561, 3.0988735921404005, 3.354210259956226, 3.6113542201829993, 3.8638891588408373, 4.084293279403295, 0.5264995794781184, 0.6789329823726366, 0.8839940198262533, 1.0603436392792, 1.2385414361172036, 1.38434064911633, 1.5444976732807774, 1.7192506713867188, 1.872437790159195, 2.0184133790984866, 2.1665666842460634, 2.3265967104416485, 2.4645180218036358], "eval_loss": [902.6473176744249, 695.276981777615, 614.8089480929905, 577.3350813123915, 538.3224550882975, 535.1691691080729, 496.4356002807617, 534.4307204352485, 516.6996862623427, 479.93910937839087, 456.2886498769124, 469.0027033487956, 455.01422670152454, 423.68174743652344, 434.58087242974176, 414.1783968607585, 422.74441613091363, 392.71668328179254, 442.3514925638835, 395.6456818050808, 371.76061248779297, 372.82690705193414, 368.45376714070636, 383.19325213962134, 352.36899863349066, 349.7096644507514, 346.96226660410565, 355.61856354607477, 356.2883423699273, 345.97535599602594, 332.3614211612278, 339.30384190877277, 322.7340331607395, 313.104126824273, 319.10255951351587, 322.2738321092394, 301.63707796732587, 295.3722587161594, 287.8320613437229, 288.6990093655056, 280.31777424282495, 276.7637591891819, 267.5835935804579, 257.8171525531345, 257.0904171201918, 259.88853454589844, 272.30581686231824, 249.35514206356473, 244.4791153801812, 239.3325710296631, 243.48740514119467, 230.9198145336575, 245.68517388237848, 244.4898213280572, 227.50547790527344, 218.37121645609537, 225.23460049099393, 220.36509111192493, 227.28195116255017, 215.3553081088596, 220.07261074913873, 219.3411897023519, 215.20142957899304, 207.36517323387994, 203.14480061001248, 217.4817640516493, 206.27263408237033, 211.35820293426514, 206.82993952433267, 204.05008718702527, 201.54058901468912, 198.53700351715088, 202.13079452514648, 206.97849294874402, 195.06845219930014, 192.15519078572592, 193.26890256669788, 191.27844386630588, 200.63101948632135, 194.45589298672147, 214.59048790401883, 194.58978917863635, 196.97652053833008, 192.87605423397488, 191.54802184634738, 190.98330158657498, 194.9504345787896, 206.01885647243924, 205.59199481540256, 185.73710123697916, 188.13234435187445, 192.68287913004556, 198.09386157989502, 188.82757716708713, 196.53907839457193, 194.52523284488254, 199.49566014607748, 191.88970798916287, 204.24804846445718, 195.18335490756564, 201.75967661539713, 194.45371543036566, 192.3207450442844, 201.3439852396647, 203.44807243347168, 197.48799218071832, 201.79614384969076, 203.12848218282065, 202.94758224487305, 206.49735832214355, 208.1611131032308, 212.6802830166287, 213.81943978203668, 209.01881758371988, 213.98819902208118, 206.07937124040393, 205.11570888095432, 206.39071888393826, 212.4115105734931, 215.30327616797553, 209.33654891120062, 214.7444373236762, 213.864713244968, 218.69088384840222, 212.6816963619656, 217.4320271809896, 216.12321620517307, 216.85013135274252, 210.84938621520996, 214.19235632154675],